order_id,product_id,product_name,quantity,price
1,101,Product A,2,50
2,102,Product B,1,30
3,103,Product C,5,20
4,104,Product D,3,15
5,105,Product E,7,100
6,106,Product F,3,25
7,107,Product G,8,10
8,108,Product H,4,60
9,109,Product I,2,75
10,110,Product J,6,90
11,111,Product A,1,50
12,112,Product B,2,30
13,113,Product C,1,20
14,114,Product D,4,15
15,115,Product E,3,100
16,116,Product F,1,25
17,117,Product G,5,10
18,118,Product H,2,60
19,119,Product I,4,75
20,120,Product J,3,90
21,121,Product A,3,50
22,122,Product B,5,30
23,123,Product C,2,20
24,124,Product D,1,15
25,125,Product E,6,100
26,126,Product F,4,25
27,127,Product G,2,10
28,128,Product H,7,60
29,129,Product I,3,75
30,130,Product J,5,90
31,131,Product A,4,50
32,132,Product B,3,30
33,133,Product C,1,20
34,134,Product D,6,15
35,135,Product E,8,100
36,136,Product F,5,25
37,137,Product G,2,10
38,138,Product H,3,60
39,139,Product I,6,75
40,140,Product J,2,90
41,141,Product A,2,50
42,142,Product B,4,30
43,143,Product C,5,20
44,144,Product D,7,15
45,145,Product E,2,100
46,146,Product F,6,25
47,147,Product G,3,10
48,148,Product H,4,60
49,149,Product I,7,75
50,150,Product J,1,90
51,151,Product A,5,50
52,152,Product B,1,30
53,153,Product C,2,20
54,154,Product D,3,15
55,155,Product E,4,100
56,156,Product F,2,25
57,157,Product G,1,10
58,158,Product H,6,60
59,159,Product I,4,75
60,160,Product J,8,90
61,161,Product A,7,50
62,162,Product B,2,30
63,163,Product C,6,20
64,164,Product D,5,15
65,165,Product E,1,100
66,166,Product F,3,25
67,167,Product G,4,10
68,168,Product H,2,60
69,169,Product I,1,75
70,170,Product J,6,90
71,171,Product A,3,50
72,172,Product B,7,30
73,173,Product C,4,20
74,174,Product D,2,15
75,175,Product E,5,100
76,176,Product F,4,25
77,177,Product G,3,10
78,178,Product H,1,60
79,179,Product I,2,75
80,180,Product J,4,90
81,181,Product A,6,50
82,182,Product B,5,30
83,183,Product C,3,20
84,184,Product D,7,15
85,185,Product E,2,100
86,186,Product F,5,25
87,187,Product G,8,10
88,188,Product H,3,60
89,189,Product I,6,75
90,190,Product J,1,90
91,191,Product A,4,50
92,192,Product B,2,30
93,193,Product C,5,20
94,194,Product D,6,15
95,195,Product E,3,100
96,196,Product F,2,25
97,197,Product G,4,10
98,198,Product H,5,60
99,199,Product I,7,75
100,200,Product J,2,90